task_id,start_ts,x,y
T0158,2025-07-15T21:13:28.992319+00:00,69,88
T0051,2025-07-15T21:13:51.370465+00:00,93,93
T0798,2025-07-15T21:14:19.250741+00:00,71,21
T0497,2025-07-15T21:14:32.561280+00:00,19,73
T0514,2025-07-15T21:14:55.331950+00:00,39,28
T0119,2025-07-15T21:14:57.290656+00:00,71,39
T0735,2025-07-15T21:15:02.392559+00:00,14,56
T0112,2025-07-15T21:15:18.780492+00:00,80,73
T0987,2025-07-15T21:16:02.342767+00:00,53,50
T0815,2025-07-15T21:16:27.450330+00:00,44,38
T0452,2025-07-15T21:16:38.626625+00:00,31,76
T0577,2025-07-15T21:17:27.157657+00:00,40,24
T0522,2025-07-15T21:17:34.516040+00:00,10,41
T0208,2025-07-15T21:17:45.898090+00:00,98,74
T0627,2025-07-15T21:17:57.451924+00:00,61,6
T0849,2025-07-15T21:18:18.132507+00:00,33,1
T0397,2025-07-15T21:18:20.568122+00:00,85,51
T0147,2025-07-15T21:18:45.405773+00:00,25,52
T0140,2025-07-15T21:19:01.561524+00:00,95,43
T0237,2025-07-15T21:19:14.407240+00:00,40,74
T0317,2025-07-15T21:19:17.092363+00:00,30,87
T0671,2025-07-15T21:19:17.790021+00:00,24,64
T0007,2025-07-15T21:19:26.755876+00:00,26,92
T0495,2025-07-15T21:20:01.563720+00:00,35,90
T0214,2025-07-15T21:20:02.595320+00:00,44,86
T0229,2025-07-15T21:20:31.469897+00:00,32,26
T0949,2025-07-15T21:20:40.894766+00:00,52,49
T0872,2025-07-15T21:21:08.136284+00:00,77,87
T0663,2025-07-15T21:21:25.743020+00:00,9,31
T0549,2025-07-15T21:22:06.182249+00:00,48,37
T0558,2025-07-15T21:22:28.284530+00:00,91,57
T0406,2025-07-15T21:22:32.322978+00:00,57,5
T0708,2025-07-15T21:22:57.835884+00:00,4,11
T0134,2025-07-15T21:23:06.973471+00:00,47,6
T0787,2025-07-15T21:23:10.395323+00:00,92,11
T0360,2025-07-15T21:23:33.159020+00:00,96,61
T0127,2025-07-15T21:23:39.487283+00:00,43,99
T0633,2025-07-15T21:23:43.071824+00:00,70,44
T0738,2025-07-15T21:23:56.128394+00:00,7,73
T0851,2025-07-15T21:23:56.811072+00:00,45,90
T0709,2025-07-15T21:23:59.287880+00:00,83,99
T0380,2025-07-15T21:24:06.907862+00:00,8,38
T0886,2025-07-15T21:24:19.768909+00:00,45,83
T0042,2025-07-15T21:24:23.113719+00:00,15,20
T0643,2025-07-15T21:24:33.016006+00:00,84,43
T0929,2025-07-15T21:24:43.245189+00:00,1,53
T0221,2025-07-15T21:25:08.736635+00:00,49,42
T0089,2025-07-15T21:25:13.109858+00:00,70,2
T0762,2025-07-15T21:25:24.152291+00:00,62,22
T0898,2025-07-15T21:25:26.765372+00:00,49,87
T0563,2025-07-15T21:25:38.701366+00:00,81,83
T0454,2025-07-15T21:25:39.183770+00:00,95,54
T0604,2025-07-15T21:25:51.537088+00:00,65,48
T0290,2025-07-15T21:25:56.608583+00:00,20,73
T0968,2025-07-15T21:25:57.866533+00:00,56,30
T0334,2025-07-15T21:26:05.176742+00:00,67,47
T0032,2025-07-15T21:26:30.144358+00:00,5,41
T0060,2025-07-15T21:26:58.760311+00:00,73,11
T0716,2025-07-15T21:27:27.385587+00:00,57,54
T0481,2025-07-15T21:27:28.363996+00:00,72,72
T0933,2025-07-15T21:27:35.119625+00:00,82,86
T0440,2025-07-15T21:27:36.559197+00:00,36,25
T0083,2025-07-15T21:27:37.460420+00:00,94,44
T0461,2025-07-15T21:27:40.523781+00:00,62,52
T0840,2025-07-15T21:27:53.953798+00:00,71,65
T0425,2025-07-15T21:28:14.963306+00:00,60,90
T0852,2025-07-15T21:28:22.780647+00:00,8,9
T0204,2025-07-15T21:28:29.533363+00:00,53,43
T0478,2025-07-15T21:29:11.357550+00:00,11,12
T0103,2025-07-15T21:29:23.274346+00:00,31,52
T0931,2025-07-15T21:29:23.376273+00:00,20,2
T0375,2025-07-15T21:29:29.896672+00:00,81,88
T0161,2025-07-15T21:29:52.260793+00:00,86,43
T0075,2025-07-15T21:30:04.983751+00:00,31,36
T0073,2025-07-15T21:30:06.938352+00:00,81,8
T0027,2025-07-15T21:30:12.834051+00:00,82,22
T0310,2025-07-15T21:30:12.939564+00:00,22,40
T0181,2025-07-15T21:30:33.364413+00:00,54,81
T0977,2025-07-15T21:30:43.134159+00:00,35,20
T0289,2025-07-15T21:30:51.421165+00:00,81,88
T0693,2025-07-15T21:30:52.614198+00:00,60,88
T0548,2025-07-15T21:30:52.983362+00:00,60,58
T0131,2025-07-15T21:31:08.149498+00:00,89,20
T0550,2025-07-15T21:31:29.564330+00:00,12,79
T0839,2025-07-15T21:31:49.317112+00:00,73,15
T0967,2025-07-15T21:31:53.996664+00:00,96,45
T0530,2025-07-15T21:31:57.155973+00:00,40,96
T0650,2025-07-15T21:32:01.186800+00:00,78,24
T0896,2025-07-15T21:32:03.252154+00:00,58,48
T0652,2025-07-15T21:32:17.630232+00:00,85,38
T0859,2025-07-15T21:32:20.237807+00:00,85,70
T0371,2025-07-15T21:32:21.178529+00:00,43,87
T0315,2025-07-15T21:32:23.000580+00:00,6,56
T0300,2025-07-15T21:32:33.737416+00:00,31,23
T0106,2025-07-15T21:32:45.198952+00:00,85,75
T0952,2025-07-15T21:32:55.318077+00:00,56,83
T0557,2025-07-15T21:33:18.977414+00:00,83,23
T0504,2025-07-15T21:33:28.019289+00:00,7,20
T0624,2025-07-15T21:33:37.478865+00:00,47,9
T0061,2025-07-15T21:33:38.047623+00:00,63,9
T0819,2025-07-15T21:33:53.661799+00:00,86,13
T0985,2025-07-15T21:34:35.149237+00:00,71,12
T0730,2025-07-15T21:34:41.344882+00:00,51,65
T0408,2025-07-15T21:34:42.558524+00:00,38,42
T0377,2025-07-15T21:34:46.100276+00:00,13,98
T0602,2025-07-15T21:35:05.313316+00:00,29,58
T0126,2025-07-15T21:35:13.735848+00:00,55,36
T0897,2025-07-15T21:35:16.119463+00:00,93,25
T0014,2025-07-15T21:35:20.178058+00:00,13,46
T0177,2025-07-15T21:35:29.413594+00:00,97,31
T0912,2025-07-15T21:36:44.596448+00:00,93,61
T0434,2025-07-15T21:36:50.549453+00:00,63,79
T0298,2025-07-15T21:36:53.601390+00:00,98,27
T0438,2025-07-15T21:36:55.344507+00:00,88,48
T0797,2025-07-15T21:37:12.484542+00:00,99,18
T0241,2025-07-15T21:37:32.016711+00:00,99,39
T0982,2025-07-15T21:37:36.770276+00:00,12,24
T0284,2025-07-15T21:37:41.900027+00:00,2,74
T0556,2025-07-15T21:37:55.064946+00:00,44,92
T0247,2025-07-15T21:38:24.397650+00:00,47,82
T0980,2025-07-15T21:38:38.971128+00:00,1,40
T0153,2025-07-15T21:39:05.634593+00:00,56,45
T0869,2025-07-15T21:40:09.600711+00:00,85,54
T0533,2025-07-15T21:40:26.621527+00:00,66,25
T0232,2025-07-15T21:40:31.845937+00:00,28,60
T0470,2025-07-15T21:40:32.200556+00:00,84,84
T0308,2025-07-15T21:40:37.416668+00:00,29,83
T0525,2025-07-15T21:40:43.134479+00:00,3,42
T0843,2025-07-15T21:40:58.494232+00:00,27,92
T0292,2025-07-15T21:41:30.340409+00:00,98,54
T0274,2025-07-15T21:41:46.226187+00:00,69,98
T0104,2025-07-15T21:41:51.005154+00:00,73,32
T0273,2025-07-15T21:42:02.082653+00:00,25,41
T0070,2025-07-15T21:42:07.098334+00:00,29,9
T0684,2025-07-15T21:42:12.257266+00:00,26,18
T0339,2025-07-15T21:42:13.173513+00:00,81,78
T0676,2025-07-15T21:42:30.616788+00:00,10,58
T0703,2025-07-15T21:43:07.090163+00:00,39,79
T0692,2025-07-15T21:43:09.343578+00:00,41,83
T0063,2025-07-15T21:43:15.589279+00:00,85,61
T0281,2025-07-15T21:43:27.432535+00:00,6,7
T0166,2025-07-15T21:43:37.582219+00:00,54,86
T0518,2025-07-15T21:44:04.912018+00:00,69,91
T0720,2025-07-15T21:44:27.670495+00:00,48,66
T0128,2025-07-15T21:44:28.441027+00:00,34,21
T0584,2025-07-15T21:44:31.744110+00:00,49,20
T0846,2025-07-15T21:44:44.636406+00:00,54,59
T0410,2025-07-15T21:44:47.739001+00:00,70,47
T0077,2025-07-15T21:44:49.928535+00:00,74,74
T0860,2025-07-15T21:44:59.691124+00:00,45,16
T0190,2025-07-15T21:45:04.721033+00:00,60,86
T0736,2025-07-15T21:45:13.301106+00:00,34,94
T0855,2025-07-15T21:45:34.813590+00:00,83,94
T0748,2025-07-15T21:45:57.961692+00:00,43,61
T0792,2025-07-15T21:46:01.368462+00:00,79,95
T0930,2025-07-15T21:46:04.515952+00:00,81,30
T0202,2025-07-15T21:46:17.224399+00:00,30,50
T0596,2025-07-15T21:46:17.576811+00:00,33,7
T0427,2025-07-15T21:46:37.426893+00:00,5,39
T0925,2025-07-15T21:46:40.040725+00:00,70,63
T0086,2025-07-15T21:46:43.262991+00:00,24,36
T0037,2025-07-15T21:47:21.988815+00:00,18,32
T0621,2025-07-15T21:47:32.144413+00:00,55,1
T0916,2025-07-15T21:48:05.924982+00:00,34,71
T0179,2025-07-15T21:48:26.534969+00:00,6,32
T0184,2025-07-15T21:48:29.665282+00:00,89,1
T0465,2025-07-15T21:48:40.645003+00:00,17,36
T0309,2025-07-15T21:48:50.085288+00:00,35,19
T0545,2025-07-15T21:49:18.424493+00:00,9,61
T0249,2025-07-15T21:49:47.710460+00:00,23,94
T0433,2025-07-15T21:50:09.767708+00:00,54,84
T0580,2025-07-15T21:50:15.848403+00:00,38,13
T0505,2025-07-15T21:50:51.340431+00:00,80,7
T0101,2025-07-15T21:50:51.669195+00:00,66,11
T0390,2025-07-15T21:50:59.486871+00:00,57,45
T0143,2025-07-15T21:51:17.086852+00:00,90,14
T0661,2025-07-15T21:51:28.446776+00:00,4,19
T0699,2025-07-15T21:51:56.962131+00:00,91,29
T0585,2025-07-15T21:52:00.997767+00:00,89,99
T0842,2025-07-15T21:52:33.972968+00:00,67,57
T0093,2025-07-15T21:52:35.412461+00:00,1,50
T0216,2025-07-15T21:52:41.282042+00:00,60,17
T0091,2025-07-15T21:52:59.517906+00:00,63,62
T0379,2025-07-15T21:53:00.290842+00:00,39,4
T0993,2025-07-15T21:53:12.424484+00:00,36,54
T0234,2025-07-15T21:53:20.801577+00:00,78,96
T0532,2025-07-15T21:53:25.748909+00:00,66,82
T0924,2025-07-15T21:53:27.202415+00:00,46,22
T0705,2025-07-15T21:53:32.994898+00:00,75,20
T0991,2025-07-15T21:53:45.463045+00:00,35,39
T0706,2025-07-15T21:54:09.926885+00:00,80,93
T0526,2025-07-15T21:54:19.611713+00:00,80,59
T0677,2025-07-15T21:54:30.889554+00:00,92,57
T0384,2025-07-15T21:55:05.636626+00:00,79,49
T0817,2025-07-15T21:55:11.764672+00:00,82,52
T0539,2025-07-15T21:55:35.542170+00:00,99,81
T0861,2025-07-15T21:55:54.658171+00:00,69,51
T0152,2025-07-15T21:55:56.014466+00:00,34,5
T0053,2025-07-15T21:55:57.224993+00:00,14,81
T0323,2025-07-15T21:56:38.081633+00:00,75,56
T0926,2025-07-15T21:57:14.925842+00:00,70,83
T0820,2025-07-15T21:57:25.487208+00:00,18,62
T0807,2025-07-15T21:57:47.525413+00:00,96,38
T0900,2025-07-15T21:58:14.189346+00:00,98,76
T0554,2025-07-15T21:58:15.286210+00:00,78,61
T0868,2025-07-15T21:58:18.756411+00:00,93,98
T0727,2025-07-15T21:58:38.248971+00:00,21,64
T0097,2025-07-15T21:58:39.167202+00:00,28,8
T0079,2025-07-15T21:58:46.540680+00:00,13,85
T0767,2025-07-15T21:58:51.932234+00:00,57,41
T0642,2025-07-15T21:58:56.527316+00:00,46,100
T0085,2025-07-15T21:59:03.534952+00:00,69,58
T0020,2025-07-15T21:59:13.593613+00:00,9,6
T0997,2025-07-15T22:00:00.532351+00:00,14,18
T0537,2025-07-15T22:00:25.351874+00:00,78,20
T0746,2025-07-15T22:00:51.071407+00:00,66,52
T0790,2025-07-15T22:01:34.417217+00:00,69,35
T0841,2025-07-15T22:01:35.695530+00:00,69,20
T0124,2025-07-15T22:01:56.439211+00:00,82,34
T0769,2025-07-15T22:02:00.678144+00:00,65,100
T0108,2025-07-15T22:02:05.970385+00:00,92,41
T0871,2025-07-15T22:02:32.213268+00:00,13,77
T0206,2025-07-15T22:02:43.053122+00:00,54,50
T0955,2025-07-15T22:03:49.043518+00:00,89,73
T0222,2025-07-15T22:03:52.546006+00:00,42,44
T0259,2025-07-15T22:03:59.163756+00:00,34,44
T0487,2025-07-15T22:04:08.076715+00:00,85,62
T0114,2025-07-15T22:04:14.060010+00:00,34,17
T0092,2025-07-15T22:04:22.599021+00:00,52,8
T0613,2025-07-15T22:04:50.066233+00:00,20,71
T0006,2025-07-15T22:05:33.024750+00:00,65,78
T0932,2025-07-15T22:05:34.201196+00:00,59,48
T0402,2025-07-15T22:05:38.303274+00:00,25,80
T0213,2025-07-15T22:05:44.309452+00:00,56,63
T0009,2025-07-15T22:05:58.982870+00:00,76,36
T0145,2025-07-15T22:06:27.683446+00:00,59,45
T0227,2025-07-15T22:06:53.437099+00:00,9,100
T0488,2025-07-15T22:06:53.764028+00:00,14,45
T0606,2025-07-15T22:06:57.996037+00:00,41,13
T0973,2025-07-15T22:07:49.830727+00:00,71,49
T0074,2025-07-15T22:08:01.399600+00:00,5,43
T0519,2025-07-15T22:08:18.232225+00:00,72,86
T0072,2025-07-15T22:08:18.290062+00:00,29,1
T0306,2025-07-15T22:09:05.940722+00:00,34,81
T0422,2025-07-15T22:09:11.673305+00:00,4,80
T0875,2025-07-15T22:09:19.123523+00:00,28,97
T0429,2025-07-15T22:09:25.758380+00:00,69,18
T0605,2025-07-15T22:09:39.842177+00:00,11,48
T0536,2025-07-15T22:09:46.909338+00:00,19,33
T0826,2025-07-15T22:09:47.395028+00:00,86,16
T0685,2025-07-15T22:09:53.638967+00:00,64,4
T0395,2025-07-15T22:10:00.400021+00:00,74,46
T0616,2025-07-15T22:10:06.657177+00:00,16,7
T0617,2025-07-15T22:10:18.166763+00:00,82,80
T0231,2025-07-15T22:10:19.685076+00:00,61,86
T0109,2025-07-15T22:10:21.715631+00:00,51,17
T0591,2025-07-15T22:10:28.664273+00:00,61,25
T0199,2025-07-15T22:10:29.778352+00:00,57,10
T0942,2025-07-15T22:10:54.589098+00:00,80,68
T0263,2025-07-15T22:11:00.165038+00:00,53,63
T0946,2025-07-15T22:11:26.831589+00:00,90,29
T0268,2025-07-15T22:11:28.232273+00:00,85,75
T0347,2025-07-15T22:11:34.362960+00:00,71,19
T0382,2025-07-15T22:11:41.080936+00:00,53,73
T0723,2025-07-15T22:12:34.669821+00:00,13,7
T0136,2025-07-15T22:12:57.866158+00:00,14,46
T0403,2025-07-15T22:13:13.663834+00:00,97,93
T0046,2025-07-15T22:13:25.001241+00:00,71,2
T0995,2025-07-15T22:13:29.114137+00:00,32,93
T0566,2025-07-15T22:13:33.377217+00:00,85,78
T0943,2025-07-15T22:13:39.459940+00:00,46,35
T0641,2025-07-15T22:13:52.356132+00:00,97,83
T0157,2025-07-15T22:14:12.642001+00:00,91,56
T0895,2025-07-15T22:14:16.575210+00:00,43,83
T0388,2025-07-15T22:14:21.342510+00:00,2,60
T0789,2025-07-15T22:14:37.431160+00:00,62,28
T0412,2025-07-15T22:14:45.007131+00:00,62,38
T0922,2025-07-15T22:14:50.143223+00:00,63,93
T0822,2025-07-15T22:15:39.945903+00:00,31,58
T0825,2025-07-15T22:15:51.003285+00:00,47,89
T0673,2025-07-15T22:15:54.222056+00:00,34,91
T0420,2025-07-15T22:15:59.762192+00:00,49,82
T0052,2025-07-15T22:16:17.440244+00:00,65,98
T0418,2025-07-15T22:16:32.841441+00:00,16,59
T0121,2025-07-15T22:16:32.947182+00:00,14,96
T0094,2025-07-15T22:16:43.561951+00:00,59,37
T0760,2025-07-15T22:16:48.276206+00:00,84,100
T0337,2025-07-15T22:17:10.247744+00:00,17,37
T0992,2025-07-15T22:17:29.695792+00:00,19,9
T0272,2025-07-15T22:18:05.834461+00:00,33,30
T0644,2025-07-15T22:18:38.957041+00:00,48,56
T0398,2025-07-15T22:18:57.155388+00:00,73,88
T0002,2025-07-15T22:19:05.060098+00:00,29,18
T0883,2025-07-15T22:19:06.854368+00:00,72,76
T0350,2025-07-15T22:19:22.600514+00:00,54,44
T0449,2025-07-15T22:19:37.395695+00:00,19,17
T0779,2025-07-15T22:20:02.330014+00:00,39,29
T0149,2025-07-15T22:20:04.037808+00:00,83,66
T0260,2025-07-15T22:20:11.720141+00:00,77,90
T0733,2025-07-15T22:20:36.169186+00:00,77,84
T0285,2025-07-15T22:21:19.124224+00:00,62,57
T0810,2025-07-15T22:21:22.325707+00:00,83,70
T0609,2025-07-15T22:21:55.701234+00:00,61,90
T0854,2025-07-15T22:21:58.744092+00:00,24,99
T0784,2025-07-15T22:22:08.804920+00:00,74,87
T0304,2025-07-15T22:22:13.348323+00:00,37,90
T0328,2025-07-15T22:22:14.974166+00:00,52,98
T0740,2025-07-15T22:22:20.502350+00:00,50,65
T0781,2025-07-15T22:22:26.297492+00:00,27,89
T0516,2025-07-15T22:22:32.676603+00:00,16,1
T0724,2025-07-15T22:22:43.690785+00:00,50,79
T0345,2025-07-15T22:23:07.444381+00:00,91,35
T0638,2025-07-15T22:23:30.210938+00:00,6,26
T0050,2025-07-15T22:23:31.039766+00:00,21,59
T0267,2025-07-15T22:23:41.630284+00:00,52,89
T0279,2025-07-15T22:24:10.586984+00:00,47,23
T0715,2025-07-15T22:24:27.685662+00:00,10,89
T0054,2025-07-15T22:24:42.242910+00:00,82,65
T0353,2025-07-15T22:24:43.842150+00:00,76,75
T0210,2025-07-15T22:24:44.660107+00:00,50,54
T0994,2025-07-15T22:25:01.070369+00:00,10,47
T0889,2025-07-15T22:25:03.032233+00:00,24,97
T0947,2025-07-15T22:25:04.272734+00:00,11,84
T0891,2025-07-15T22:25:15.242344+00:00,91,19
T0169,2025-07-15T22:25:18.316107+00:00,71,1
T0460,2025-07-15T22:25:28.114651+00:00,83,4
T0881,2025-07-15T22:25:30.045779+00:00,19,85
T0426,2025-07-15T22:25:36.176426+00:00,53,15
T0280,2025-07-15T22:25:37.291191+00:00,91,69
T0170,2025-07-15T22:26:00.437182+00:00,27,56
T0313,2025-07-15T22:26:03.551057+00:00,52,35
T0998,2025-07-15T22:26:11.713052+00:00,51,43
T0146,2025-07-15T22:26:19.386403+00:00,30,29
T0653,2025-07-15T22:26:38.178241+00:00,78,92
T0164,2025-07-15T22:27:18.337049+00:00,53,42
T0689,2025-07-15T22:27:18.424245+00:00,92,93
T0569,2025-07-15T22:27:31.974934+00:00,84,90
T0341,2025-07-15T22:27:39.439906+00:00,2,71
T0829,2025-07-15T22:27:42.720370+00:00,16,82
T0068,2025-07-15T22:27:53.352508+00:00,86,84
T0476,2025-07-15T22:28:04.977337+00:00,33,48
T0330,2025-07-15T22:28:33.684976+00:00,42,15
T0035,2025-07-15T22:28:35.999396+00:00,84,64
T0111,2025-07-15T22:28:57.589539+00:00,97,10
T0192,2025-07-15T22:29:13.728501+00:00,97,57
T0879,2025-07-15T22:29:36.851141+00:00,77,99
T0719,2025-07-15T22:29:42.793967+00:00,45,52
T0326,2025-07-15T22:30:07.876799+00:00,14,21
T0801,2025-07-15T22:30:09.452824+00:00,83,8
T0172,2025-07-15T22:30:25.026821+00:00,57,57
T0821,2025-07-15T22:30:44.501962+00:00,32,1
T0453,2025-07-15T22:30:46.946965+00:00,23,34
T0058,2025-07-15T22:30:52.485134+00:00,3,15
T0031,2025-07-15T22:30:54.309289+00:00,99,100
T0148,2025-07-15T22:31:51.610010+00:00,9,99
T0482,2025-07-15T22:32:11.540045+00:00,16,53
T0327,2025-07-15T22:32:13.810669+00:00,89,64
T0919,2025-07-15T22:32:14.698031+00:00,49,73
T0813,2025-07-15T22:32:26.488907+00:00,94,59
T0271,2025-07-15T22:32:28.032593+00:00,90,59
T0757,2025-07-15T22:32:34.488061+00:00,15,54
T0356,2025-07-15T22:32:51.773275+00:00,98,70
T0564,2025-07-15T22:33:23.588514+00:00,43,13
T0201,2025-07-15T22:33:40.842440+00:00,70,11
T0583,2025-07-15T22:33:54.044869+00:00,99,80
T0071,2025-07-15T22:34:13.070008+00:00,76,71
T0531,2025-07-15T22:34:33.629162+00:00,43,100
T0012,2025-07-15T22:34:44.245351+00:00,20,28
T0286,2025-07-15T22:34:50.803342+00:00,7,33
T0246,2025-07-15T22:34:58.366831+00:00,54,63
T0270,2025-07-15T22:35:34.744389+00:00,96,71
T0630,2025-07-15T22:35:49.793815+00:00,94,85
T0700,2025-07-15T22:36:07.370299+00:00,67,37
T0788,2025-07-15T22:36:12.272516+00:00,57,84
T0244,2025-07-15T22:36:24.372133+00:00,55,85
T0783,2025-07-15T22:36:47.403621+00:00,93,36
T0655,2025-07-15T22:37:26.914479+00:00,6,94
T0486,2025-07-15T22:37:28.342987+00:00,74,65
T0483,2025-07-15T22:37:56.450260+00:00,86,97
T0776,2025-07-15T22:38:06.370549+00:00,99,93
T0025,2025-07-15T22:38:20.535996+00:00,86,35
T0381,2025-07-15T22:39:06.510042+00:00,56,19
T0910,2025-07-15T22:39:17.975513+00:00,34,47
T0686,2025-07-15T22:39:41.547865+00:00,74,48
T0417,2025-07-15T22:40:51.798624+00:00,51,2
T0737,2025-07-15T22:40:51.835926+00:00,52,47
T0592,2025-07-15T22:41:21.547711+00:00,74,57
T0419,2025-07-15T22:41:32.271397+00:00,96,87
T0269,2025-07-15T22:41:38.532403+00:00,71,68
T0116,2025-07-15T22:41:45.827991+00:00,21,57
T0502,2025-07-15T22:41:53.402445+00:00,93,42
T0245,2025-07-15T22:42:00.858531+00:00,65,83
T0914,2025-07-15T22:42:02.788782+00:00,53,6
T0480,2025-07-15T22:42:30.752688+00:00,17,72
T0069,2025-07-15T22:42:41.893149+00:00,67,58
T0774,2025-07-15T22:43:30.914690+00:00,23,59
T0950,2025-07-15T22:43:35.879699+00:00,61,8
T0357,2025-07-15T22:43:36.462694+00:00,42,25
T0257,2025-07-15T22:44:02.083892+00:00,4,64
T0866,2025-07-15T22:44:06.219053+00:00,30,32
T0978,2025-07-15T22:44:16.637813+00:00,82,20
T0023,2025-07-15T22:44:18.455554+00:00,59,82
T0209,2025-07-15T22:44:22.124730+00:00,1,46
T0909,2025-07-15T22:44:26.167032+00:00,69,84
T0594,2025-07-15T22:44:43.600965+00:00,68,54
T0144,2025-07-15T22:44:53.238718+00:00,5,61
T0665,2025-07-15T22:44:57.741297+00:00,73,5
T0359,2025-07-15T22:44:59.418138+00:00,100,53
T0348,2025-07-15T22:45:08.276504+00:00,77,66
T0965,2025-07-15T22:45:12.023396+00:00,95,18
T0183,2025-07-15T22:45:13.927843+00:00,52,32
T0156,2025-07-15T22:45:31.452153+00:00,74,25
T0430,2025-07-15T22:46:21.137882+00:00,48,86
T0752,2025-07-15T22:47:23.183978+00:00,79,95
T0744,2025-07-15T22:47:36.851376+00:00,44,72
T0513,2025-07-15T22:47:56.430817+00:00,77,8
T0036,2025-07-15T22:48:01.737288+00:00,83,59
T0040,2025-07-15T22:48:56.005187+00:00,29,18
T0150,2025-07-15T22:49:00.006648+00:00,69,43
T0033,2025-07-15T22:49:21.410846+00:00,9,28
T0165,2025-07-15T22:49:39.203487+00:00,38,71
T0799,2025-07-15T22:50:44.105215+00:00,61,62
T0342,2025-07-15T22:50:59.703810+00:00,29,15
T0435,2025-07-15T22:51:01.506667+00:00,36,5
T0302,2025-07-15T22:51:07.290959+00:00,89,77
T0691,2025-07-15T22:51:20.480708+00:00,74,10
T0893,2025-07-15T22:52:07.193754+00:00,54,72
T0796,2025-07-15T22:52:16.177584+00:00,92,61
T0346,2025-07-15T22:52:47.698851+00:00,62,61
T0623,2025-07-15T22:53:03.211284+00:00,86,86
T0918,2025-07-15T22:53:17.762172+00:00,20,26
T0805,2025-07-15T22:53:22.181657+00:00,23,5
T0725,2025-07-15T22:53:25.778217+00:00,21,42
T0768,2025-07-15T22:53:35.074207+00:00,53,89
T0432,2025-07-15T22:53:40.063162+00:00,96,94
T0501,2025-07-15T22:53:50.225823+00:00,44,21
T0005,2025-07-15T22:54:20.312116+00:00,4,12
T0484,2025-07-15T22:54:34.928636+00:00,93,7
T0095,2025-07-15T22:54:35.945711+00:00,94,72
T0615,2025-07-15T22:54:39.506442+00:00,100,37
T0654,2025-07-15T22:55:20.709363+00:00,89,57
T0462,2025-07-15T22:55:22.978031+00:00,14,63
T0194,2025-07-15T22:55:29.704812+00:00,71,58
T0130,2025-07-15T22:55:43.329546+00:00,2,15
T0220,2025-07-15T22:55:56.661796+00:00,60,24
T0510,2025-07-15T22:56:15.394234+00:00,37,87
T0983,2025-07-15T22:56:30.742943+00:00,72,72
T0080,2025-07-15T22:56:31.774940+00:00,55,53
T0974,2025-07-15T22:56:43.248339+00:00,88,75
T0479,2025-07-15T22:56:43.659780+00:00,96,95
T0529,2025-07-15T22:57:38.379901+00:00,52,68
T0528,2025-07-15T22:57:53.287539+00:00,14,32
T0587,2025-07-15T22:58:07.134947+00:00,53,47
T0338,2025-07-15T22:58:13.509682+00:00,90,63
T0312,2025-07-15T22:58:28.447574+00:00,60,89
T1000,2025-07-15T22:58:43.847982+00:00,56,84
T0336,2025-07-15T22:59:10.027675+00:00,7,27
T0508,2025-07-15T22:59:10.074201+00:00,35,28
T0546,2025-07-15T22:59:12.434032+00:00,39,36
T0437,2025-07-15T22:59:48.258294+00:00,31,47
T0981,2025-07-15T22:59:48.834369+00:00,98,35
T0845,2025-07-15T22:59:59.588680+00:00,8,59
T0674,2025-07-15T23:00:10.970732+00:00,79,37
T0355,2025-07-15T23:00:14.920373+00:00,62,45
T0838,2025-07-15T23:00:17.808789+00:00,91,47
T0266,2025-07-15T23:00:38.351427+00:00,3,12
T0553,2025-07-15T23:01:00.803246+00:00,74,84
T0196,2025-07-15T23:01:05.642417+00:00,97,32
T0741,2025-07-15T23:01:09.740994+00:00,71,36
T0393,2025-07-15T23:02:43.073615+00:00,39,26
T0618,2025-07-15T23:02:47.073993+00:00,15,64
T0731,2025-07-15T23:02:48.759161+00:00,31,28
T0867,2025-07-15T23:03:37.641924+00:00,20,36
T0387,2025-07-15T23:03:45.196665+00:00,33,59
T0343,2025-07-15T23:03:49.487589+00:00,16,83
T0593,2025-07-15T23:03:52.829603+00:00,37,100
T0029,2025-07-15T23:04:01.184964+00:00,35,82
T0087,2025-07-15T23:04:06.482098+00:00,10,57
T0188,2025-07-15T23:04:34.156251+00:00,72,32
T0256,2025-07-15T23:04:36.439832+00:00,79,86
T0827,2025-07-15T23:04:46.325783+00:00,21,52
T0722,2025-07-15T23:05:01.842878+00:00,35,58
T0081,2025-07-15T23:05:09.793133+00:00,94,7
T0687,2025-07-15T23:05:15.281999+00:00,71,17
T0812,2025-07-15T23:05:24.136987+00:00,25,15
T0414,2025-07-15T23:05:28.609912+00:00,10,19
T0611,2025-07-15T23:05:39.823744+00:00,79,1
T0303,2025-07-15T23:05:51.377611+00:00,5,30
T0325,2025-07-15T23:05:52.787600+00:00,53,43
T0078,2025-07-15T23:06:31.100692+00:00,61,53
T0756,2025-07-15T23:07:03.091353+00:00,3,48
T0956,2025-07-15T23:07:11.842055+00:00,6,10
T0265,2025-07-15T23:07:20.378708+00:00,92,63
T0456,2025-07-15T23:07:22.579815+00:00,100,47
T0832,2025-07-15T23:07:50.457269+00:00,59,96
T0690,2025-07-15T23:07:57.415496+00:00,53,99
T0902,2025-07-15T23:08:07.914486+00:00,43,39
T0714,2025-07-15T23:08:59.043295+00:00,88,52
T0252,2025-07-15T23:09:07.001969+00:00,56,94
T0717,2025-07-15T23:09:17.854187+00:00,27,44
T0579,2025-07-15T23:09:46.939174+00:00,29,18
T0935,2025-07-15T23:10:09.741043+00:00,1,69
T0755,2025-07-15T23:10:38.429703+00:00,73,39
T0540,2025-07-15T23:11:39.923073+00:00,97,73
T0363,2025-07-15T23:11:57.370467+00:00,5,17
T0517,2025-07-15T23:12:26.986645+00:00,56,23
T0648,2025-07-15T23:12:28.974765+00:00,67,35
T0747,2025-07-15T23:13:05.759724+00:00,6,5
T0314,2025-07-15T23:13:11.437263+00:00,64,57
T0555,2025-07-15T23:13:24.327060+00:00,8,58
T0364,2025-07-15T23:13:37.630475+00:00,76,43
T0697,2025-07-15T23:13:45.876438+00:00,8,16
T0458,2025-07-15T23:13:59.915046+00:00,79,6
T0877,2025-07-15T23:14:00.738138+00:00,38,30
T0125,2025-07-15T23:14:22.528350+00:00,33,7
T0754,2025-07-15T23:14:49.973714+00:00,66,69
T0581,2025-07-15T23:14:55.369776+00:00,70,95
T0041,2025-07-15T23:15:21.816542+00:00,12,97
T0984,2025-07-15T23:16:03.786130+00:00,14,4
T0911,2025-07-15T23:16:09.196089+00:00,64,60
T0660,2025-07-15T23:16:13.076593+00:00,96,87
T0457,2025-07-15T23:16:15.264503+00:00,14,58
T0620,2025-07-15T23:16:46.048428+00:00,31,92
T0640,2025-07-15T23:16:46.161598+00:00,70,61
T0262,2025-07-15T23:17:04.070338+00:00,25,11
T0694,2025-07-15T23:17:14.622083+00:00,17,100
T0672,2025-07-15T23:17:20.169862+00:00,72,16
T0698,2025-07-15T23:17:25.308627+00:00,39,22
T0772,2025-07-15T23:17:33.676159+00:00,72,42
T0322,2025-07-15T23:17:37.717223+00:00,57,36
T0749,2025-07-15T23:17:43.028942+00:00,20,78
T0990,2025-07-15T23:18:08.543156+00:00,88,49
T0882,2025-07-15T23:18:10.653094+00:00,53,39
T0250,2025-07-15T23:18:17.791069+00:00,84,35
T0763,2025-07-15T23:18:53.583503+00:00,93,80
T0811,2025-07-15T23:18:54.824815+00:00,18,65
T0366,2025-07-15T23:19:18.333563+00:00,59,2
T0455,2025-07-15T23:19:20.269496+00:00,96,9
T0065,2025-07-15T23:19:43.140452+00:00,78,55
T0862,2025-07-15T23:19:59.970482+00:00,94,29
T0937,2025-07-15T23:20:08.252028+00:00,36,69
T0669,2025-07-15T23:20:08.860207+00:00,51,41
T0894,2025-07-15T23:20:16.520035+00:00,50,32
T0468,2025-07-15T23:20:24.656372+00:00,59,65
T0411,2025-07-15T23:20:28.912094+00:00,35,22
T0191,2025-07-15T23:20:32.937069+00:00,72,77
T0704,2025-07-15T23:21:06.721542+00:00,65,83
T0028,2025-07-15T23:21:16.252142+00:00,32,21
T0017,2025-07-15T23:21:46.322430+00:00,49,11
T0835,2025-07-15T23:22:04.892616+00:00,86,28
T0890,2025-07-15T23:22:10.804920+00:00,31,29
T0211,2025-07-15T23:22:15.014087+00:00,95,70
T0450,2025-07-15T23:22:43.740492+00:00,23,15
T0205,2025-07-15T23:23:18.238336+00:00,54,8
T0785,2025-07-15T23:23:26.586542+00:00,51,45
T0439,2025-07-15T23:23:44.946318+00:00,83,46
T0651,2025-07-15T23:23:59.469235+00:00,42,14
T0713,2025-07-15T23:24:00.953676+00:00,83,39
T0132,2025-07-15T23:24:01.138078+00:00,48,75
T0680,2025-07-15T23:25:04.596837+00:00,38,39
T0329,2025-07-15T23:25:06.029082+00:00,59,12
T0695,2025-07-15T23:25:23.407501+00:00,76,24
T0936,2025-07-15T23:25:28.305190+00:00,2,3
T0301,2025-07-15T23:25:33.326249+00:00,21,1
T0018,2025-07-15T23:25:34.023003+00:00,81,80
T0908,2025-07-15T23:25:34.579726+00:00,100,37
T0133,2025-07-15T23:25:40.999306+00:00,56,17
T0122,2025-07-15T23:25:51.058342+00:00,35,37
T0282,2025-07-15T23:25:53.007035+00:00,90,17
T0264,2025-07-15T23:26:19.175360+00:00,31,89
T0565,2025-07-15T23:26:59.308172+00:00,50,37
T0572,2025-07-15T23:27:13.115722+00:00,83,43
T0721,2025-07-15T23:27:52.415420+00:00,41,31
T0739,2025-07-15T23:27:54.800771+00:00,47,71
T0915,2025-07-15T23:28:04.993988+00:00,29,95
T0958,2025-07-15T23:28:19.179955+00:00,5,23
T0847,2025-07-15T23:28:24.958978+00:00,72,60
T0963,2025-07-15T23:28:25.635988+00:00,73,50
T0107,2025-07-15T23:28:43.905616+00:00,41,34
T0816,2025-07-15T23:29:20.687516+00:00,97,25
T0809,2025-07-15T23:29:23.288822+00:00,14,43
T0766,2025-07-15T23:30:29.649821+00:00,90,15
T0803,2025-07-15T23:30:52.158199+00:00,69,95
T0396,2025-07-15T23:31:01.929708+00:00,90,38
T0182,2025-07-15T23:31:14.298864+00:00,92,90
T0523,2025-07-15T23:31:15.569828+00:00,74,52
T0710,2025-07-15T23:31:30.143646+00:00,84,27
T0761,2025-07-15T23:31:54.668297+00:00,30,93
T0105,2025-07-15T23:32:01.072341+00:00,6,80
T0098,2025-07-15T23:32:04.834101+00:00,70,8
T0407,2025-07-15T23:32:10.500710+00:00,94,17
T0552,2025-07-15T23:32:21.381380+00:00,95,6
T0824,2025-07-15T23:32:52.072735+00:00,74,2
T0568,2025-07-15T23:32:56.086923+00:00,19,45
T0844,2025-07-15T23:33:01.964483+00:00,12,66
T0732,2025-07-15T23:33:04.793126+00:00,7,7
T0758,2025-07-15T23:33:09.948756+00:00,93,89
T0100,2025-07-15T23:33:16.795273+00:00,65,68
T0447,2025-07-15T23:33:48.554317+00:00,30,43
T0793,2025-07-15T23:33:54.997092+00:00,32,7
T0277,2025-07-15T23:34:34.689359+00:00,98,68
T0307,2025-07-15T23:34:37.607998+00:00,26,55
T0547,2025-07-15T23:35:01.082411+00:00,46,65
T0240,2025-07-15T23:35:10.847115+00:00,81,32
T0253,2025-07-15T23:35:16.272428+00:00,42,32
T0551,2025-07-15T23:35:39.387301+00:00,50,60
T0311,2025-07-15T23:35:53.272050+00:00,73,37
T0837,2025-07-15T23:36:04.366217+00:00,11,68
T0045,2025-07-15T23:36:05.431281+00:00,60,68
T0044,2025-07-15T23:36:12.927956+00:00,50,49
T0619,2025-07-15T23:36:17.680130+00:00,3,81
T0278,2025-07-15T23:36:18.424576+00:00,13,25
T0986,2025-07-15T23:36:20.351509+00:00,42,50
T0443,2025-07-15T23:36:23.539730+00:00,3,7
T0123,2025-07-15T23:38:14.187422+00:00,92,44
T0899,2025-07-15T23:38:16.197941+00:00,6,10
T0666,2025-07-15T23:38:18.003449+00:00,87,58
T0469,2025-07-15T23:38:22.783711+00:00,13,90
T0155,2025-07-15T23:38:34.045401+00:00,66,15
T0293,2025-07-15T23:38:35.612091+00:00,80,29
T0718,2025-07-15T23:38:40.545698+00:00,41,92
T0055,2025-07-15T23:39:13.808958+00:00,20,48
T0560,2025-07-15T23:39:25.835764+00:00,47,48
T0778,2025-07-15T23:39:29.740666+00:00,25,32
T0589,2025-07-15T23:39:37.211992+00:00,97,96
T0743,2025-07-15T23:39:43.659146+00:00,17,13
T0770,2025-07-15T23:39:49.921975+00:00,61,95
T0118,2025-07-15T23:39:52.797739+00:00,84,68
T0688,2025-07-15T23:39:56.694335+00:00,12,9
T0193,2025-07-15T23:40:06.831361+00:00,93,65
T0831,2025-07-15T23:40:35.244366+00:00,29,18
T0622,2025-07-15T23:40:37.895905+00:00,31,74
T0870,2025-07-15T23:40:39.532097+00:00,3,31
T0251,2025-07-15T23:40:53.775811+00:00,69,100
T0976,2025-07-15T23:41:32.706733+00:00,32,92
T0385,2025-07-15T23:41:48.467220+00:00,31,64
T0297,2025-07-15T23:42:07.431336+00:00,79,95
T0335,2025-07-15T23:42:30.565678+00:00,64,81
T0162,2025-07-15T23:42:38.075816+00:00,85,16
T0370,2025-07-15T23:42:39.573281+00:00,51,84
T0466,2025-07-15T23:42:54.809831+00:00,75,71
T0586,2025-07-15T23:43:00.900824+00:00,22,93
T0996,2025-07-15T23:43:05.123017+00:00,77,79
T0299,2025-07-15T23:43:12.054351+00:00,34,85
T0373,2025-07-15T23:43:30.546091+00:00,98,63
T0043,2025-07-15T23:43:39.860914+00:00,88,55
T0405,2025-07-15T23:43:51.410606+00:00,81,83
T0631,2025-07-15T23:43:51.538173+00:00,99,75
T0759,2025-07-15T23:44:05.988834+00:00,77,61
T0636,2025-07-15T23:44:41.634121+00:00,18,9
T0378,2025-07-15T23:45:10.606647+00:00,13,57
T0972,2025-07-15T23:45:16.008356+00:00,58,63
T0324,2025-07-15T23:45:25.537873+00:00,63,12
T0702,2025-07-15T23:45:29.460029+00:00,71,36
T0543,2025-07-15T23:45:32.933707+00:00,80,42
T0628,2025-07-15T23:45:38.297310+00:00,48,33
T0951,2025-07-15T23:45:53.810201+00:00,90,22
T0283,2025-07-15T23:46:09.960947+00:00,97,63
T0795,2025-07-15T23:46:11.039770+00:00,7,13
T0712,2025-07-15T23:46:26.111081+00:00,64,81
T0001,2025-07-15T23:46:32.383811+00:00,4,95
T0597,2025-07-15T23:46:57.616034+00:00,48,71
T0923,2025-07-15T23:47:05.038056+00:00,63,59
T0493,2025-07-15T23:47:19.505872+00:00,4,78
T0856,2025-07-15T23:48:05.321694+00:00,54,48
T0814,2025-07-15T23:48:39.946790+00:00,92,24
T0670,2025-07-15T23:48:58.312522+00:00,32,15
T0008,2025-07-15T23:49:02.973817+00:00,70,54
T0800,2025-07-15T23:49:12.395076+00:00,97,37
T0921,2025-07-15T23:50:10.992625+00:00,88,44
T0498,2025-07-15T23:50:50.400655+00:00,9,19
T0175,2025-07-15T23:51:12.088641+00:00,37,66
T0975,2025-07-15T23:51:38.313381+00:00,11,99
T0451,2025-07-15T23:51:43.867966+00:00,4,17
T0021,2025-07-15T23:51:46.829700+00:00,99,38
T0096,2025-07-15T23:51:55.584805+00:00,63,20
T0507,2025-07-15T23:51:56.555089+00:00,63,78
T0570,2025-07-15T23:51:59.384173+00:00,17,77
T0442,2025-07-15T23:52:08.507741+00:00,83,82
T0219,2025-07-15T23:52:11.834411+00:00,11,83
T0176,2025-07-15T23:52:24.133156+00:00,80,43
T0512,2025-07-15T23:53:11.346759+00:00,6,29
T0679,2025-07-15T23:53:21.530896+00:00,91,9
T0076,2025-07-15T23:53:37.917920+00:00,28,70
T0794,2025-07-15T23:53:50.247007+00:00,68,29
T0576,2025-07-15T23:53:59.204890+00:00,66,47
T0160,2025-07-15T23:54:01.688377+00:00,47,56
T0659,2025-07-15T23:54:09.685913+00:00,52,47
T0887,2025-07-15T23:54:11.970269+00:00,68,41
T0110,2025-07-15T23:54:16.977124+00:00,39,59
T0734,2025-07-15T23:54:28.934607+00:00,37,69
T0880,2025-07-15T23:54:29.097294+00:00,42,31
T0848,2025-07-15T23:54:32.492969+00:00,40,93
T0178,2025-07-15T23:54:32.895569+00:00,29,26
T0082,2025-07-15T23:54:41.087394+00:00,83,13
T0506,2025-07-15T23:54:49.787346+00:00,35,57
T0173,2025-07-15T23:55:13.670071+00:00,66,61
T0588,2025-07-15T23:55:24.263993+00:00,31,57
T0964,2025-07-15T23:55:33.941422+00:00,70,43
T0238,2025-07-15T23:55:38.438844+00:00,49,51
T0511,2025-07-15T23:55:54.839982+00:00,63,68
T0885,2025-07-15T23:55:58.639688+00:00,72,64
T0215,2025-07-15T23:56:04.281057+00:00,52,93
T0047,2025-07-15T23:56:20.719021+00:00,15,88
T0777,2025-07-15T23:56:27.378723+00:00,89,34
T0383,2025-07-15T23:56:42.563260+00:00,24,22
T0957,2025-07-15T23:57:20.411819+00:00,36,70
T0635,2025-07-15T23:57:24.066869+00:00,90,62
T0828,2025-07-15T23:57:44.098039+00:00,91,99
T0030,2025-07-15T23:58:14.170114+00:00,29,88
T0275,2025-07-15T23:58:42.993093+00:00,25,28
T0436,2025-07-15T23:58:44.679471+00:00,28,57
T0203,2025-07-15T23:59:37.515210+00:00,91,28
T0675,2025-07-15T23:59:37.959144+00:00,63,26
T0888,2025-07-16T00:00:11.478978+00:00,53,20
T0233,2025-07-16T00:00:56.933499+00:00,99,48
T0026,2025-07-16T00:01:30.850427+00:00,88,83
T0834,2025-07-16T00:01:32.584380+00:00,61,97
T0873,2025-07-16T00:01:51.960156+00:00,7,32
T0907,2025-07-16T00:01:58.905504+00:00,51,31
T0782,2025-07-16T00:02:16.468853+00:00,41,62
T0361,2025-07-16T00:02:19.919400+00:00,49,50
T0571,2025-07-16T00:03:11.847720+00:00,11,40
T0524,2025-07-16T00:03:21.422960+00:00,54,38
T0467,2025-07-16T00:03:59.638182+00:00,49,77
T0463,2025-07-16T00:04:03.216848+00:00,57,10
T0200,2025-07-16T00:04:19.683935+00:00,31,35
T0637,2025-07-16T00:04:55.686742+00:00,59,5
T0235,2025-07-16T00:05:28.982005+00:00,100,21
T0865,2025-07-16T00:05:39.591153+00:00,55,69
T0159,2025-07-16T00:05:44.429901+00:00,95,95
T0163,2025-07-16T00:05:49.099300+00:00,39,65
T0367,2025-07-16T00:06:27.829030+00:00,53,84
T0804,2025-07-16T00:06:37.532480+00:00,5,23
T0416,2025-07-16T00:06:53.358567+00:00,51,72
T0901,2025-07-16T00:06:54.633367+00:00,72,28
T0459,2025-07-16T00:07:36.937072+00:00,85,67
T0535,2025-07-16T00:07:38.897035+00:00,83,19
T0771,2025-07-16T00:07:39.228138+00:00,91,18
T0154,2025-07-16T00:07:55.686786+00:00,41,56
T0475,2025-07-16T00:08:11.058023+00:00,41,55
T0067,2025-07-16T00:08:15.645308+00:00,26,92
T0316,2025-07-16T00:09:21.926408+00:00,78,33
T0632,2025-07-16T00:09:31.330494+00:00,43,18
T0003,2025-07-16T00:09:49.823397+00:00,87,95
T0276,2025-07-16T00:10:20.544924+00:00,36,93
T0979,2025-07-16T00:10:35.674074+00:00,41,47
T0874,2025-07-16T00:10:48.429443+00:00,52,57
T0499,2025-07-16T00:10:54.592364+00:00,4,12
T0129,2025-07-16T00:10:58.362993+00:00,71,91
T0038,2025-07-16T00:11:52.479255+00:00,69,34
T0400,2025-07-16T00:11:55.116933+00:00,37,100
T0850,2025-07-16T00:12:04.222466+00:00,75,10
T0500,2025-07-16T00:12:08.647286+00:00,28,49
T0349,2025-07-16T00:12:11.250568+00:00,18,9
T0413,2025-07-16T00:12:15.092563+00:00,44,15
T0905,2025-07-16T00:12:19.698788+00:00,97,62
T0039,2025-07-16T00:12:21.636801+00:00,55,75
T0629,2025-07-16T00:12:25.996832+00:00,46,9
T0409,2025-07-16T00:12:28.362368+00:00,23,26
T0099,2025-07-16T00:12:35.485982+00:00,8,7
T0226,2025-07-16T00:12:50.587273+00:00,7,45
T0138,2025-07-16T00:12:57.115513+00:00,31,21
T0224,2025-07-16T00:13:33.579372+00:00,54,33
T0961,2025-07-16T00:13:37.102279+00:00,92,51
T0823,2025-07-16T00:13:58.733699+00:00,43,39
T0415,2025-07-16T00:14:04.419413+00:00,29,87
T0509,2025-07-16T00:14:15.819182+00:00,15,45
T0541,2025-07-16T00:15:26.868867+00:00,58,88
T0538,2025-07-16T00:15:31.738169+00:00,84,10
T0223,2025-07-16T00:15:46.345707+00:00,49,36
T0913,2025-07-16T00:15:52.095071+00:00,41,27
T0836,2025-07-16T00:15:55.416441+00:00,88,97
T0496,2025-07-16T00:16:03.334972+00:00,44,45
T0056,2025-07-16T00:16:04.793434+00:00,70,100
T0490,2025-07-16T00:16:06.159013+00:00,74,29
T0668,2025-07-16T00:16:13.054307+00:00,74,18
T0321,2025-07-16T00:16:13.407573+00:00,23,61
T0600,2025-07-16T00:16:13.520269+00:00,35,58
T0711,2025-07-16T00:17:08.847526+00:00,54,80
T0515,2025-07-16T00:17:14.471106+00:00,98,33
T0404,2025-07-16T00:17:16.217066+00:00,88,18
T0696,2025-07-16T00:17:20.693491+00:00,17,56
T0049,2025-07-16T00:17:32.459663+00:00,44,15
T0970,2025-07-16T00:17:38.319321+00:00,77,51
T0448,2025-07-16T00:18:55.545433+00:00,77,1
T0562,2025-07-16T00:18:56.930868+00:00,87,77
T0764,2025-07-16T00:18:58.966183+00:00,49,19
T0294,2025-07-16T00:19:14.624885+00:00,49,58
T0503,2025-07-16T00:19:31.070841+00:00,73,77
T0198,2025-07-16T00:19:43.155542+00:00,63,81
T0399,2025-07-16T00:19:52.325180+00:00,7,78
T0186,2025-07-16T00:19:53.891770+00:00,29,23
T0664,2025-07-16T00:19:55.259291+00:00,47,47
T0988,2025-07-16T00:20:04.673034+00:00,93,72
T0137,2025-07-16T00:20:18.311796+00:00,53,80
T0369,2025-07-16T00:20:38.602107+00:00,34,44
T0141,2025-07-16T00:20:51.003458+00:00,53,86
T0590,2025-07-16T00:21:11.363089+00:00,30,69
T0953,2025-07-16T00:21:19.656788+00:00,73,13
T0171,2025-07-16T00:21:39.565029+00:00,78,84
T0626,2025-07-16T00:21:48.975549+00:00,65,71
T0444,2025-07-16T00:21:54.480016+00:00,32,17
T0445,2025-07-16T00:21:57.122553+00:00,27,9
T0966,2025-07-16T00:22:47.810340+00:00,89,93
T0608,2025-07-16T00:23:00.519093+00:00,18,5
T0683,2025-07-16T00:23:33.865840+00:00,66,29
T0174,2025-07-16T00:23:34.427660+00:00,95,22
T0944,2025-07-16T00:23:51.721095+00:00,11,48
T0243,2025-07-16T00:24:10.309832+00:00,73,6
T0401,2025-07-16T00:24:48.223634+00:00,78,46
T0340,2025-07-16T00:24:54.755672+00:00,91,21
T0212,2025-07-16T00:25:02.739575+00:00,29,63
T0084,2025-07-16T00:25:13.170069+00:00,14,32
T0649,2025-07-16T00:25:21.170372+00:00,94,55
T0187,2025-07-16T00:26:03.819842+00:00,90,67
T0892,2025-07-16T00:26:27.814616+00:00,8,72
T0011,2025-07-16T00:26:28.435139+00:00,90,55
T0940,2025-07-16T00:26:33.452778+00:00,23,14
T0520,2025-07-16T00:26:33.920600+00:00,10,51
T0016,2025-07-16T00:26:47.285048+00:00,94,59
T0491,2025-07-16T00:26:48.625658+00:00,72,99
T0088,2025-07-16T00:27:00.158237+00:00,71,13
T0010,2025-07-16T00:27:20.436489+00:00,1,98
T0939,2025-07-16T00:28:14.101894+00:00,87,56
T0573,2025-07-16T00:28:14.498800+00:00,86,90
T0634,2025-07-16T00:28:19.165577+00:00,23,100
T0878,2025-07-16T00:28:51.960010+00:00,94,74
T0492,2025-07-16T00:29:29.984690+00:00,79,87
T0352,2025-07-16T00:30:00.550327+00:00,37,93
T0320,2025-07-16T00:30:13.103845+00:00,74,6
T0765,2025-07-16T00:30:16.560505+00:00,32,5
T0288,2025-07-16T00:30:23.103205+00:00,52,63
T0332,2025-07-16T00:31:03.589640+00:00,1,85
T0742,2025-07-16T00:31:09.120892+00:00,80,88
T0818,2025-07-16T00:31:33.291397+00:00,66,42
T0474,2025-07-16T00:31:39.474750+00:00,52,54
T0574,2025-07-16T00:32:01.647123+00:00,95,88
T0446,2025-07-16T00:32:14.014769+00:00,71,27
T0254,2025-07-16T00:32:27.164585+00:00,12,36
T0610,2025-07-16T00:32:32.628910+00:00,98,91
T0527,2025-07-16T00:32:45.811061+00:00,47,12
T0344,2025-07-16T00:32:47.499615+00:00,64,92
T0920,2025-07-16T00:33:05.061013+00:00,64,71
T0117,2025-07-16T00:33:10.565260+00:00,91,39
T0024,2025-07-16T00:33:15.828057+00:00,21,48
T0863,2025-07-16T00:33:26.069121+00:00,97,3
T0225,2025-07-16T00:33:27.355088+00:00,61,3
T0318,2025-07-16T00:33:42.441953+00:00,74,76
T0969,2025-07-16T00:34:21.552983+00:00,44,78
T0928,2025-07-16T00:34:27.224221+00:00,10,86
T0607,2025-07-16T00:34:28.776455+00:00,84,43
T0230,2025-07-16T00:34:29.533299+00:00,80,20
T0197,2025-07-16T00:34:38.663498+00:00,36,99
T0999,2025-07-16T00:35:03.870682+00:00,49,43
T0753,2025-07-16T00:35:18.105667+00:00,76,44
T0489,2025-07-16T00:35:58.015141+00:00,48,15
T0701,2025-07-16T00:36:06.083282+00:00,33,26
T0015,2025-07-16T00:36:28.556788+00:00,78,34
T0662,2025-07-16T00:36:45.475977+00:00,87,57
T0242,2025-07-16T00:37:08.860556+00:00,77,16
T0258,2025-07-16T00:37:18.358756+00:00,24,63
T0599,2025-07-16T00:37:21.429005+00:00,37,11
T0102,2025-07-16T00:37:23.970566+00:00,9,77
T0681,2025-07-16T00:37:24.251444+00:00,92,91
T0372,2025-07-16T00:39:19.165365+00:00,49,41
T0305,2025-07-16T00:39:22.974844+00:00,10,88
T0521,2025-07-16T00:39:54.044726+00:00,6,56
T0876,2025-07-16T00:40:22.353407+00:00,8,18
T0142,2025-07-16T00:40:27.159922+00:00,32,35
T0544,2025-07-16T00:40:29.792911+00:00,81,41
T0472,2025-07-16T00:40:47.727259+00:00,56,58
T0333,2025-07-16T00:41:43.529687+00:00,60,53
T0858,2025-07-16T00:41:47.170021+00:00,49,49
T0365,2025-07-16T00:41:48.322425+00:00,57,13
T0656,2025-07-16T00:41:53.173234+00:00,46,79
T0374,2025-07-16T00:42:26.953364+00:00,5,80
T0567,2025-07-16T00:42:39.865047+00:00,43,11
T0808,2025-07-16T00:43:29.739531+00:00,2,39
T0471,2025-07-16T00:43:43.607381+00:00,71,93
T0729,2025-07-16T00:44:03.327469+00:00,64,3
T0884,2025-07-16T00:44:12.517943+00:00,23,81
T0261,2025-07-16T00:44:18.183685+00:00,72,2
T0255,2025-07-16T00:44:40.126963+00:00,32,97
T0582,2025-07-16T00:45:09.661096+00:00,5,85
T0423,2025-07-16T00:45:17.619684+00:00,72,42
T0603,2025-07-16T00:45:23.306655+00:00,4,54
T0048,2025-07-16T00:45:25.591595+00:00,97,35
T0019,2025-07-16T00:45:35.143083+00:00,47,74
T0639,2025-07-16T00:45:40.019466+00:00,41,40
T0473,2025-07-16T00:46:13.148630+00:00,53,44
T0645,2025-07-16T00:46:33.243758+00:00,96,57
T0248,2025-07-16T00:47:03.318126+00:00,59,91
T0004,2025-07-16T00:47:12.023688+00:00,12,76
T0185,2025-07-16T00:47:18.939410+00:00,99,14
T0750,2025-07-16T00:47:25.734279+00:00,18,42
T0646,2025-07-16T00:47:47.417840+00:00,50,44
T0954,2025-07-16T00:47:49.631368+00:00,6,30
T0195,2025-07-16T00:48:24.434600+00:00,96,61
T0135,2025-07-16T00:48:49.152679+00:00,27,88
T0464,2025-07-16T00:48:54.079331+00:00,42,78
T0389,2025-07-16T00:49:22.053613+00:00,87,70
T0707,2025-07-16T00:49:33.450782+00:00,44,73
T0168,2025-07-16T00:49:45.037772+00:00,79,73
T0207,2025-07-16T00:50:14.312001+00:00,75,90
T0989,2025-07-16T00:50:19.626983+00:00,32,74
T0601,2025-07-16T00:50:21.047322+00:00,19,56
T0612,2025-07-16T00:50:28.985756+00:00,3,33
T0534,2025-07-16T00:50:29.925248+00:00,45,45
T0218,2025-07-16T00:50:44.413534+00:00,76,73
T0802,2025-07-16T00:50:58.930119+00:00,12,84
T0295,2025-07-16T00:51:07.100951+00:00,39,76
T0775,2025-07-16T00:51:59.225830+00:00,44,70
T0575,2025-07-16T00:52:03.888904+00:00,12,83
T0386,2025-07-16T00:52:09.375744+00:00,19,30
T0034,2025-07-16T00:52:13.798101+00:00,73,92
T0906,2025-07-16T00:52:32.592587+00:00,90,78
T0424,2025-07-16T00:52:44.322999+00:00,29,83
T0830,2025-07-16T00:52:56.915469+00:00,38,48
T0189,2025-07-16T00:53:16.206121+00:00,16,59
T0561,2025-07-16T00:53:22.927676+00:00,50,53
T0941,2025-07-16T00:53:24.541273+00:00,68,20
T0376,2025-07-16T00:54:06.016935+00:00,30,96
T0057,2025-07-16T00:54:27.688674+00:00,1,77
T0542,2025-07-16T00:54:52.459234+00:00,73,83
T0682,2025-07-16T00:55:38.110090+00:00,82,23
T0959,2025-07-16T00:55:58.873515+00:00,41,3
T0962,2025-07-16T00:56:00.437053+00:00,39,21
T0494,2025-07-16T00:56:03.451703+00:00,89,35
T0059,2025-07-16T00:56:03.657987+00:00,40,31
T0751,2025-07-16T00:56:36.347705+00:00,41,21
T0120,2025-07-16T00:56:41.924881+00:00,14,18
T0791,2025-07-16T00:57:00.182559+00:00,90,35
T0115,2025-07-16T00:57:03.572956+00:00,9,32
T0726,2025-07-16T00:57:10.660021+00:00,93,41
T0934,2025-07-16T00:57:12.851497+00:00,62,85
T0351,2025-07-16T00:57:17.814782+00:00,65,35
T0598,2025-07-16T00:57:18.465091+00:00,92,67
T0917,2025-07-16T00:57:25.156717+00:00,75,93
T0904,2025-07-16T00:57:59.738503+00:00,95,16
T0745,2025-07-16T00:58:25.497277+00:00,97,19
T0151,2025-07-16T00:58:29.652734+00:00,15,34
T0614,2025-07-16T00:58:43.891584+00:00,78,68
T0421,2025-07-16T00:58:44.841155+00:00,14,87
T0167,2025-07-16T00:58:45.874772+00:00,87,96
T0287,2025-07-16T00:58:55.953706+00:00,62,15
T0239,2025-07-16T00:59:01.814532+00:00,26,10
T0780,2025-07-16T00:59:02.029780+00:00,39,99
T0064,2025-07-16T01:00:19.258901+00:00,22,34
T0667,2025-07-16T01:00:47.696734+00:00,48,57
T0291,2025-07-16T01:00:52.047163+00:00,11,32
T0431,2025-07-16T01:00:55.720978+00:00,90,70
T0319,2025-07-16T01:01:15.960313+00:00,98,87
T0578,2025-07-16T01:01:21.476029+00:00,44,99
T0625,2025-07-16T01:01:53.650876+00:00,70,65
T0477,2025-07-16T01:01:56.370167+00:00,88,61
T0786,2025-07-16T01:02:11.005546+00:00,19,38
T0903,2025-07-16T01:02:45.722465+00:00,2,28
T0013,2025-07-16T01:02:48.506153+00:00,44,14
T0927,2025-07-16T01:02:48.849185+00:00,68,5
T0228,2025-07-16T01:02:49.550593+00:00,6,97
T0945,2025-07-16T01:03:18.526149+00:00,59,73
T0960,2025-07-16T01:03:49.794247+00:00,76,19
T0392,2025-07-16T01:03:57.856562+00:00,89,33
T0066,2025-07-16T01:04:31.463760+00:00,70,97
T0236,2025-07-16T01:04:36.617045+00:00,14,75
T0595,2025-07-16T01:04:58.899319+00:00,26,78
T0441,2025-07-16T01:05:26.816926+00:00,59,12
T0485,2025-07-16T01:05:29.578117+00:00,77,40
T0971,2025-07-16T01:05:37.093505+00:00,42,4
T0090,2025-07-16T01:05:38.184018+00:00,97,31
T0368,2025-07-16T01:05:52.015747+00:00,10,61
T0331,2025-07-16T01:05:55.297979+00:00,52,66
T0647,2025-07-16T01:06:46.257527+00:00,64,89
T0139,2025-07-16T01:07:22.004787+00:00,23,53
T0938,2025-07-16T01:07:40.340528+00:00,3,65
T0062,2025-07-16T01:07:47.614622+00:00,69,99
T0864,2025-07-16T01:07:54.903744+00:00,60,87
T0658,2025-07-16T01:08:17.030733+00:00,8,10
T0217,2025-07-16T01:08:27.034389+00:00,69,4
T0358,2025-07-16T01:08:27.792604+00:00,31,74
T0180,2025-07-16T01:09:13.316641+00:00,79,99
T0022,2025-07-16T01:09:31.827811+00:00,30,13
T0853,2025-07-16T01:09:45.014285+00:00,61,5
T0391,2025-07-16T01:10:06.822324+00:00,39,82
T0362,2025-07-16T01:10:17.799541+00:00,84,20
T0833,2025-07-16T01:10:23.904564+00:00,48,54
T0296,2025-07-16T01:10:41.088064+00:00,40,73
T0559,2025-07-16T01:10:54.836639+00:00,68,67
T0948,2025-07-16T01:11:04.753669+00:00,84,98
T0857,2025-07-16T01:11:21.772933+00:00,49,58
T0428,2025-07-16T01:12:05.992109+00:00,15,13
T0728,2025-07-16T01:12:06.597433+00:00,60,64
T0113,2025-07-16T01:12:08.426762+00:00,10,69
T0806,2025-07-16T01:12:23.911877+00:00,51,64
T0678,2025-07-16T01:12:25.216531+00:00,88,41
T0773,2025-07-16T01:12:37.607218+00:00,62,68
T0657,2025-07-16T01:12:38.006521+00:00,36,82
T0354,2025-07-16T01:12:48.831512+00:00,63,20
T0394,2025-07-16T01:12:55.617256+00:00,62,14
